Model,MAE,RMSE,R² Score
Linear Regression,243.0473987352987,821.9969411751639,-0.14386309283350895
Random Forest (Default),86.446567096048,502.6897484729384,0.5722069724638852
Random Forest (Tuned),85.62306735317657,496.0719413390896,0.5833964452988496
